课程名称：C++语言程序设计基础,课程讲师：郑莉 李超 徐明星 ,开课学校：清华大学,学生人数：545594
课程名称：数据结构(上),课程讲师：邓俊辉 ,开课学校：清华大学,学生人数：516839
课程名称：数据结构（下）,课程讲师：邓俊辉 ,开课学校：清华大学,学生人数：403019
课程名称：操作系统,课程讲师：向勇 陈渝 ,开课学校：清华大学,学生人数：254733
课程名称：Java程序设计,课程讲师：郑莉 ,开课学校：清华大学,学生人数：235635
课程名称：网络技术与应用,课程讲师：沈鑫剡 俞海英 李兴德 许继恒 ,开课学校：中国人民解放军陆军工程大学,学生人数：212117
课程名称：C++语言程序设计进阶,课程讲师：郑莉 李超 徐明星 ,开课学校：清华大学,学生人数：150202
课程名称：C程序设计案例教程（基础）,课程讲师：张莉 ,开课学校：中国农业大学,学生人数：130486
课程名称：人工智能原理,课程讲师：王文敏 ,开课学校：北京大学,学生人数：120222
课程名称：软件工程,课程讲师：刘强 刘璘 ,开课学校：清华大学,学生人数：119142
课程名称：大数据技术与应用,课程讲师：李军 ,开课学校：清华大学,学生人数：117525
课程名称：C程序设计案例教程（进阶）,课程讲师：张莉 ,开课学校：中国农业大学,学生人数：114307
课程名称：Office办公软件应用,课程讲师：史巧硕 朱怀忠 刘洪普 李娟 ,开课学校：河北工业大学,学生人数：108197
课程名称：计算机文化基础,课程讲师：李秀 姚瑞霞 安颖莲 全成斌 ,开课学校：清华大学,学生人数：107773
课程名称：大学计算机基础,课程讲师：徐红云 刘欣欣 曹晓叶 ,开课学校：华南理工大学,学生人数：103726
课程名称：程序设计基础,课程讲师：徐明星 王瑀屏 邬晓钧 ,开课学校：清华大学,学生人数：102713
课程名称：大数据系统基础,课程讲师：王建民 徐葳 陈康 陈文光 ,开课学校：清华大学,学生人数：101000
课程名称：算法设计与分析,课程讲师：王振波 ,开课学校：清华大学,学生人数：87036
课程名称：组合数学,课程讲师：马昱春 ,开课学校：清华大学,学生人数：83830
课程名称：计算机应用基础,课程讲师：宋承继 王坤 李龙龙 李莹 陈小健 白雨鑫 毛小乐 梁菲菲 党佳奇 ,开课学校：陕西工业职业技术学院,学生人数：80581
课程名称：R语言数据分析,课程讲师：艾新波 ,开课学校：北京邮电大学,学生人数：77412
课程名称：Web前端攻城狮,课程讲师：刘强 吴亮 赵文博 ,开课学校：清华大学,学生人数：74278
课程名称：大数据平台核心技术,课程讲师：武永卫 姚文辉 陶阳宇 冯骁 谢德军 ,开课学校：清华大学,学生人数：74186
课程名称：VC++面向对象与可视化程序设计（上）：Windows编程基础,课程讲师：黄维通 ,开课学校：清华大学,学生人数：74092
课程名称：VC++面向对象与可视化程序设计（下）：MFC编程基础,课程讲师：黄维通 ,开课学校：清华大学,学生人数：71013
课程名称：大学计算机,课程讲师：李凤霞 陈宇峰 赵三元 ,开课学校：北京理工大学,学生人数：68564
课程名称：计算机网络,课程讲师：袁华 杜广龙 张凌 ,开课学校：华南理工大学,学生人数：67165
课程名称：汇编语言程序设计,课程讲师：张悠慧 翟季冬 ,开课学校：清华大学,学生人数：66496
课程名称：学做小程序——基础篇,课程讲师：刘强 小程序慕课讲师 ,开课学校：清华大学,学生人数：65725
课程名称：区块链和加密数字货币,课程讲师：罗玫 ,开课学校：清华大学,学生人数：65012
课程名称：大学计算机教程,课程讲师：张莉 马钦 ,开课学校：中国农业大学,学生人数：64621
课程名称：基于Linux的C++,课程讲师：乔林 ,开课学校：清华大学,学生人数：64397
课程名称：大学计算机基础,课程讲师：卫春芳 ,开课学校：湖北大学,学生人数：63085
课程名称：数据挖掘,课程讲师：喻梅 王建荣 于健 李雪威 徐天一 赵满坤 高洁 刘志强 ,开课学校：天津大学,学生人数：62514
课程名称：JAVA程序设计进阶,课程讲师：许斌 ,开课学校：清华大学,学生人数：60880
课程名称：物联网概论,课程讲师：何源 ,开课学校：清华大学,学生人数：60348
课程名称：大数据机器学习,课程讲师：袁春 ,开课学校：清华大学,学生人数：56460
课程名称：面向对象程序设计（C++）,课程讲师：黄震春 徐明星 ,开课学校：清华大学,学生人数：55728
课程名称：微软亚洲研究院大数据系列讲座,课程讲师：洪小文 宋睿华 谢幸 郑宇 张洪宇 ,开课学校：Microsoft,学生人数：55281
课程名称：计算几何,课程讲师：邓俊辉 ,开课学校：清华大学,学生人数：54684
课程名称：Linux 内核分析与应用,课程讲师：陈莉君 谢宝友 张天飞 王小银 刘霞林 张丽丽 ,开课学校：西安邮电大学,学生人数：53914
课程名称：大学计算机——计算思维的视角,课程讲师：郝兴伟 ,开课学校：山东大学,学生人数：53777
课程名称：Python程序设计基础,课程讲师：许志良 ,开课学校：深圳信息职业技术学院,学生人数：53616
课程名称：网络安全概述,课程讲师：纪平 ,开课学校：纪平工作室,学生人数：52370
课程名称：C语言程序设计（上）,课程讲师：李凤霞 薛静锋 陈宇峰 赵三元 ,开课学校：北京理工大学,学生人数：49979
课程名称：数据库技术与程序设计,课程讲师：高裴裴 康介恢 路明晓 程茜 ,开课学校：南开大学,学生人数：49109
课程名称：单片机原理及应用,课程讲师：杨居义 蒲敏 王颖丽 罗金生 王海 任震宇 向兵 ,开课学校：绵阳职业技术学院,学生人数：48806
课程名称：大学计算机基础,课程讲师：李敏 高裴裴 郭蕴 赵宏 刘哲理 路明晓 李妍 闫晓玉 宋丽培 ,开课学校：南开大学,学生人数：48740
课程名称：ARM微控制器与嵌入式系统,课程讲师：曾鸣 薛涛 龚光华 ,开课学校：清华大学,学生人数：46825
课程名称：移动快速应用开发,课程讲师：唐贤传 盛鸿宇 王婷婷 汤恒 胡万福 ,开课学校：芜湖职业技术学院,学生人数：44148
课程名称：Android应用开发基础,课程讲师：赖红 李钦 杨耿 刘志军 任仙怡 郭敏强 蔡登阶 纪传俊 ,开课学校：深圳信息职业技术学院,学生人数：44065
课程名称：Web开发技术,课程讲师：王成良 陈静 徐玲 杨正益 蔡斌 ,开课学校：重庆大学,学生人数：42543
课程名称：程序设计基础（上）,课程讲师：赵宏 闫晓玉 李妍 王恺 李敏 ,开课学校：南开大学,学生人数：42432
课程名称：机器学习初步,课程讲师：周志华 ,开课学校：南京大学,学生人数：42419
课程名称：高级大数据系统,课程讲师：王智 ,开课学校：清华大学,学生人数：39404
课程名称：玩转计算机二级—office高级修炼,课程讲师：苟燕 刘志国 王强 侯欣舒 王莉 ,开课学校：内蒙古师范大学,学生人数：38492
课程名称：程序设计基础（下）,课程讲师：赵宏 李妍 闫晓玉 王恺 李敏 ,开课学校：南开大学,学生人数：38309
课程名称：物联网工程导论,课程讲师：普园媛 何乐生 余鹏飞 杨艳华 艾昌文 尉洪 常俊 周永录 刘宏杰 ,开课学校：云南大学,学生人数：38277
课程名称：数据结构与算法设计,课程讲师：张小艳 史晓楠 李占利 丁雪芳 冀汶莉 王昱哲 齐爱玲 杨晓强 ,开课学校：西安科技大学,学生人数：36274
课程名称：程序设计语言（C语言）,课程讲师：李岚 王亮 胡昌杰 潘志安 曹雁 沈小波 肖智兵 鲁博文 单宝军 ,开课学校：湖北职业技术学院,学生人数：35315
课程名称：科学计算与MATLAB语言,课程讲师：刘卫国 蔡旭晖 吕格莉 何小贤 ,开课学校：中南大学,学生人数：35309
课程名称：漏洞利用及渗透测试基础,课程讲师：刘哲理 张健 李敏 李兴娟 乜鹏 ,开课学校：南开大学,学生人数：34298
课程名称：计算机操作系统,课程讲师：骆斌 葛季栋 ,开课学校：南京大学,学生人数：34175
课程名称：Python大数据分析,课程讲师：崔立真 鹿旭东 潘鹏 ,开课学校：山东大学,学生人数：33830
课程名称：Python与数据思维基础,课程讲师：金巨波 徐秀丽 文雪巍 姜慧梅 胡娜 ,开课学校：黑龙江财经学院,学生人数：32817
课程名称：C语言程序设计,课程讲师：丁海燕 武浩 ,开课学校：云南大学,学生人数：32781
课程名称：人工智能,课程讲师：罗会兰 ,开课学校：江西理工大学,学生人数：32718
课程名称：机器学习概论,课程讲师：张敏 ,开课学校：清华大学,学生人数：32390
课程名称：互联网大规模数据分析技术,课程讲师：李琳 张蕊 ,开课学校：武汉理工大学,学生人数：32176
课程名称：5G与人工智能,课程讲师：胡白燕 王润 ,开课学校：湖北师范大学,学生人数：31604
课程名称：学做小程序——实战篇：树洞小程序,课程讲师：刘强 施建锋 伊甸 小程序慕课讲师 ,开课学校：清华大学,学生人数：30566
课程名称：深度学习基础,课程讲师：刘远超 ,开课学校：哈尔滨工业大学,学生人数：30147
课程名称：C君带你玩编程,课程讲师：方娇莉 潘晟旻 普运伟 耿植林 郭玲 田春瑾 刘领兵 黎志 杜文方 郑明雄 ,开课学校：昆明理工大学,学生人数：30093
课程名称：计算机基础与应用,课程讲师：李春宏 徐娟 沙莉 玄文启 沈湘芸 何锋 ,开课学校：云南财经大学,学生人数：29398
课程名称：计算机病毒分析（慕课）,课程讲师：王志 ,开课学校：南开大学,学生人数：29097
课程名称：小白学人工智能,课程讲师：李粤 ,开课学校：华南理工大学,学生人数：28453
课程名称：数据库系统（上）：模型与语言,课程讲师：战德臣 ,开课学校：哈尔滨工业大学,学生人数：28272
课程名称：微机原理与接口技术,课程讲师：吴宁 ,开课学校：西安交通大学,学生人数：27456
课程名称：Python语言程序设计,课程讲师：杨洁 曲著伟 李在伟 周家地 卢永江 应芳琴 廖一星 刘毅 张铭 ,开课学校：浙江财经大学东方学院,学生人数：27411
课程名称：计算机组成原理,课程讲师：纪禄平 ,开课学校：电子科技大学,学生人数：25933
课程名称：C语言程序设计基础,课程讲师：李丹 耿植 杨琼 高腾刚 ,开课学校：贵州理工学院,学生人数：25769
课程名称：程序设计基础,课程讲师：吴劲 傅翀 吴佳 罗绪成 王瑞锦 张翔 张学 程红蓉 白忠建 陈伟 江春华 ,开课学校：电子科技大学,学生人数：24963
课程名称：智能车制作：嵌入式系统,课程讲师：曾鸣 ,开课学校：清华大学,学生人数：24813
课程名称：计算机网络基础与应用,课程讲师：马立丽 张铁红 朱琳琳 姜峰 李文婧 ,开课学校：哈尔滨科学技术职业学院,学生人数：24491
课程名称：信息隐藏技术,课程讲师：李朝晖 ,开课学校：南开大学,学生人数：24450
课程名称：分数域信号与信息处理及其应用,课程讲师：陶然 ,开课学校：北京理工大学,学生人数：23632
课程名称：信息安全技术,课程讲师：孙建国 刘泽超 申林山 庄园 ,开课学校：哈尔滨工程大学,学生人数：23288
课程名称：软件理论基础,课程讲师：罗贵明 ,开课学校：清华大学,学生人数：23130
课程名称：软件测试,课程讲师：郑炜 吴潇雪 李宁 ,开课学校：西北工业大学,学生人数：22501
课程名称：智能车制作：电子技术,课程讲师：任艳频 ,开课学校：清华大学,学生人数：22083
课程名称：计算机通信网络,课程讲师：卢选民 闫中江 赵宏伟 ,开课学校：西北工业大学,学生人数：21422
课程名称：数据结构（Data Structures）,课程讲师：吕建明 张见威 肖南峰 ,开课学校：华南理工大学,学生人数：21224
课程名称：可视化程序设计,课程讲师：陈志勇 刘满君 ,开课学校：辽东学院,学生人数：21047
课程名称：小波与科学,课程讲师：冉启文 严质彬 肖宇 张海莹 杨占文 李莉 ,开课学校：哈尔滨工业大学,学生人数：20971
课程名称：EXCEL高级应用,课程讲师：王瑾瑜 王晓静 王飞 陈一 索丽霞 吴淑清 ,开课学校：呼和浩特职业学院,学生人数：20927
课程名称：C语言程序设计（下）,课程讲师：李凤霞 薛静锋 陈宇峰 薛庆 赵三元 ,开课学校：北京理工大学,学生人数：20661
课程名称：计算机绘图与CAD,课程讲师：张鹏 ,开课学校：大连工业大学,学生人数：20585
课程名称：编译技术,课程讲师：王曙燕 初建玮 陈燕 王春梅 黄茹 曾艳 ,开课学校：西安邮电大学,学生人数：20117
课程名称：软件设计模式,课程讲师：朱洪军 ,开课学校：中国科学技术大学,学生人数：20011
课程名称：计算机文化基础,课程讲师：杨居义 ,开课学校：绵阳职业技术学院,学生人数：19893
课程名称：SQL SERVER数据库技术,课程讲师：刘引涛 戚娜 李俊 任婕 ,开课学校：陕西工业职业技术学院,学生人数：19607
课程名称：Java程序设计基础,课程讲师：赖红 李钦 杨耿 覃国蓉 魏勇 ,开课学校：深圳信息职业技术学院,学生人数：19042
课程名称：文献检索与论文写作,课程讲师：武祥龙 ,开课学校：西北工业大学,学生人数：18268
课程名称：高级数据库系统,课程讲师：杜金莲 ,开课学校：北京工业大学,学生人数：18090
课程名称：计算机程序设计基础,课程讲师：乔林 ,开课学校：清华大学,学生人数：17985
课程名称：Linux系统管理,课程讲师：颜晨阳 ,开课学校：宁波城市职业技术学院,学生人数：17763
课程名称：移动互联网开发,课程讲师：朱轶 ,开课学校：江苏大学,学生人数：17680
课程名称：概率论与数理统计,课程讲师：马占友 吕胜利 马金旺 王春艳 张彦 方汶铭 田瑞玲 张海锋 王艳宁 ,开课学校：燕山大学,学生人数：17422
课程名称：数据库系统原理与开发,课程讲师：陆鑫 张凤荔 陈安龙 ,开课学校：电子科技大学,学生人数：17231
课程名称：大数据算法,课程讲师：王宏志 ,开课学校：哈尔滨工业大学,学生人数：16987
课程名称：大数据可视化,课程讲师：陈为 巫英才 ,开课学校：浙江大学,学生人数：16731
课程名称：计算机控制导论,课程讲师：李东升 高瑞 ,开课学校：山东大学,学生人数：16386
课程名称：8位嵌入式电子产品开发,课程讲师：牛俊英 ,开课学校：顺德职业技术学院,学生人数：16286
课程名称：Petri网：模型、理论与应用,课程讲师：袁崇义 闻立杰 王建民 ,开课学校：清华大学,学生人数：16074
课程名称：虚拟化技术与应用,课程讲师：孔令晶 王辉静 许建豪 黄国伟 尹璐 张梁 邹书伟 佘宛华 ,开课学校：深圳信息职业技术学院,学生人数：15867
课程名称：大数据导论,课程讲师：闫中敏 崔立真 鹿旭东 ,开课学校：山东大学,学生人数：15456
课程名称：嵌入式系统设计,课程讲师：杨峰 ,开课学校：电子科技大学,学生人数：15199
课程名称：Linux操作系统分析,课程讲师：孟宁 ,开课学校：中国科学技术大学,学生人数：15018
课程名称：数据库系统（中）：建模与设计,课程讲师：战德臣 ,开课学校：哈尔滨工业大学,学生人数：14981
课程名称：区块链和加密数字货币（随报随学认证班）,课程讲师：罗玫 ,开课学校：教师直授,学生人数：14440
课程名称：C语言程序设计,课程讲师：段华琼 唐宁九 孙炼 段雨梅 陈芳 ,开课学校：成都锦城学院,学生人数：14287
课程名称：智能设备应用开发（基于Android平台）,课程讲师：王军 贾连芹 周倩 徐红 ,开课学校：山东商业职业技术学院,学生人数：14258
课程名称：网络、群体与市场,课程讲师：石兵 ,开课学校：武汉理工大学,学生人数：14130
课程名称：软件工程,课程讲师：张爽 ,开课学校：东北大学,学生人数：14092
课程名称：TCP/IP网络,课程讲师：陈积常 卢志翔 彭越 麻时明 杨兴 ,开课学校：南宁学院,学生人数：14084
课程名称：AutoCAD软件应用,课程讲师：徐秀娟 孙路 霍奕宇 ,开课学校：陕西国防工业职业技术学院,学生人数：14014
课程名称：设计思维,课程讲师：刘静伟 孟浏今 厉谦 吴龙 薛媛 ,开课学校：西安工程大学,学生人数：13886
课程名称：高级操作系统,课程讲师：陈渝 ,开课学校：清华大学,学生人数：13879
课程名称：计算机程序设计,课程讲师：周会平 徐建军 李姗姗 尹良泽 刘万伟 ,开课学校：国防科技大学,学生人数：13801
课程名称：微软--计算机视觉论文分享课,课程讲师：,开课学校：,学生人数：13574
课程名称：数据库系统（下）：管理与技术,课程讲师：战德臣 ,开课学校：哈尔滨工业大学,学生人数：13567
课程名称：大学计算机基础与应用,课程讲师：李丽芬 邵芬红 云彩霞 陈晓芳 蔡小庆 韩海花 ,开课学校：燕京理工学院,学生人数：13139
课程名称：程序设计基础,课程讲师：苏小红 赵玲玲 叶麟 ,开课学校：哈尔滨工业大学,学生人数：12964
课程名称：数据化企业,课程讲师：刘士军 潘丽 ,开课学校：山东大学,学生人数：12742
课程名称：Python技术应用,课程讲师：屈毅 史亚维 王雪侠 胡文杰 ,开课学校：咸阳职业技术学院,学生人数：12685
课程名称：This is AI,课程讲师：IBM Research ,开课学校：IBM  Research,学生人数：12588
课程名称：网络安全技术,课程讲师：张玉 ,开课学校：南开大学,学生人数：12530
课程名称：大学物理（力学）,课程讲师：孟庆鑫 韩权 ,开课学校：哈尔滨工业大学,学生人数：12527
课程名称：Human Computer Interaction（人机交互）,课程讲师：陈雅茜 方诗虹 余骁禹 ,开课学校：西南民族大学,学生人数：12310
课程名称：游戏程序设计,课程讲师：徐力 钟建斌 高璐 孙峻 王毅 兰翔 马若遥 王海龙 乔晨 黄健聪 陈志浩 周轩 赖贵雄 林智超 潘霖 晁阳 唐声福 曾毅 刘洋 陈明建 李波 祝清鲁 赵永伟 肖坚 ,开课学校：清华大学,学生人数：12218
课程名称：（STM32)单片机应用开发,课程讲师：曾欣 杜娥 周先得 陈科材 ,开课学校：深圳信息职业技术学院,学生人数：12216
课程名称：信息与通信技术,课程讲师：董宇涵 ,开课学校：清华大学,学生人数：12128
课程名称：软件工程与软件自动化,课程讲师：高玉金 王一拙 ,开课学校：北京理工大学,学生人数：12013
课程名称：统计方法（SAS、SPSS和R统计软件应用）,课程讲师：周波 ,开课学校：南京农业大学,学生人数：11624
课程名称：计算机网络 Computer Networks,课程讲师：王昊翔 ,开课学校：华南理工大学,学生人数：11617
课程名称：C语言程序设计精髓,课程讲师：苏小红 赵玲玲 叶麟 ,开课学校：哈尔滨工业大学,学生人数：11356
课程名称：虚拟现实技术及应用,课程讲师：黄心渊 杨刚 孙国玉 李晓波 陈京炜 ,开课学校：中国传媒大学,学生人数：11288
课程名称：数字IC设计,课程讲师：王颖 李世国 丘聪 刘明 汤顺 甘林 张海平 ,开课学校：深圳信息职业技术学院,学生人数：11094
课程名称：信息素养-互联网+时代的学习与生活,课程讲师：陈桂林 赵生慧 于春燕 张志勇 徐志红 胡晓静 ,开课学校：滁州学院,学生人数：10976
课程名称：学做小程序--云开发篇：近义词小程序,课程讲师：刘强 施建锋 伊甸 ,开课学校：清华大学,学生人数：10971
课程名称：网络操作系统（Linux）,课程讲师：池瑞楠 林伟鹏 沈翠新 ,开课学校：深圳职业技术大学,学生人数：10952
课程名称：Web设计与应用,课程讲师：潘晟旻 方娇莉 姜迪 郭玲 普运伟 陈榕 张春红 刘领兵 田春瑾 耿植林 黎志 ,开课学校：昆明理工大学,学生人数：10867
课程名称：数据科学导论,课程讲师：于长青 陈雅蓉 褚鹏 乌伟 张海静 姚全珠 ,开课学校：西京学院,学生人数：10856
课程名称：数据结构,课程讲师：胡平 汪军 ,开课学校：安徽工程大学,学生人数：10589
课程名称：计算机绘图,课程讲师：涂晶洁 ,开课学校：宁波财经学院,学生人数：10581
课程名称：交互设计,课程讲师：庞瑜 刘文娟 随晓燕 李亚维 黄真 ,开课学校：深圳信息职业技术学院,学生人数：10352
课程名称：信息隐藏技术,课程讲师：任帅 ,开课学校：长安大学,学生人数：10266
课程名称：高性能计算机网络,课程讲师：颜昕 ,开课学校：武汉理工大学,学生人数：10239
课程名称：网络技术与应用实验,课程讲师：俞海英 沈鑫剡 李兴德 许继恒 李杰 张石磊 谢青 ,开课学校：中国人民解放军陆军工程大学,学生人数：10096
课程名称：操作系统(RISC-V),课程讲师：向勇 陈渝 ,开课学校：清华大学,学生人数：9844
课程名称：计算机网络,课程讲师：刘家芬 刘贵松 罗旭斌 谈进 ,开课学校：西南财经大学,学生人数：9732
课程名称：计算机网络,课程讲师：郑瑞娟 吴庆涛 刘铭 赵旭辉 孙士保 张明川 朱军龙 王琳 ,开课学校：河南科技大学,学生人数：9551
课程名称：素描与体验——原理与形式研究,课程讲师：张元稼 刘沛 杨伟孝 董文通 胡涛 李恺 ,开课学校：西安美术学院,学生人数：9338
课程名称：资讯科技,课程讲师：刘小丽 黄卫祖 许迅文 ,开课学校：暨南大学,学生人数：9308
课程名称：嵌入式系统,课程讲师：毕盛 汪秀敏 毛爱华 唐洁 ,开课学校：华南理工大学,学生人数：9086
课程名称：智能车制作：底盘结构与调试,课程讲师：杨珏 ,开课学校：北京科技大学,学生人数：9050
课程名称：网络安全,课程讲师：师晶晶 闾燕 张生财 张静 ,开课学校：甘肃政法大学,学生人数：9029
课程名称：多媒体技术,课程讲师：李晶 涂卫平 常军 陈江汉 韩镇 ,开课学校：武汉大学,学生人数：8898
课程名称：创新思维与创新方法,课程讲师：崔立真 鹿旭东 ,开课学校：山东大学,学生人数：8741
课程名称：Photoshop,课程讲师：周鑫 陈峙米 常春燕 郭荣昌 齐鸣 蒲玉娇 ,开课学校：新疆石河子职业技术学院,学生人数：8636
课程名称：微电子工艺,课程讲师：田丽 王蔚 ,开课学校：哈尔滨工业大学,学生人数：8601
课程名称：计算机专业实用技能导引—从基础技能到工程实战,课程讲师：清华计算机系科协团队 ,开课学校：清华大学计算机系学生科协,学生人数：8489
课程名称：计算思维导论,课程讲师：吕橙 万珊珊 郭茂祖 郭志强 ,开课学校：北京建筑大学,学生人数：8349
课程名称：大学计算机基础,课程讲师：陈娟 袁凌云 夏耀稳 贾庭芳 杨颖 刘琳 杨婷婷 叶志霞 ,开课学校：云南师范大学,学生人数：8191
课程名称：万物互联,课程讲师：杜秀娟 ,开课学校：青海师范大学,学生人数：8067
课程名称：计算机是如何实现智能的,课程讲师：马少平 ,开课学校：清华大学,学生人数：33014
课程名称：数据结构与算法,课程讲师：刘馨月 于红 张淼 ,开课学校：大连理工大学,学生人数：7897
课程名称：计算思维导论,课程讲师：唐培和 徐奕奕 ,开课学校：广西科技大学,学生人数：7591
课程名称：AI TIME系列直播课,课程讲师：,开课学校：,学生人数：93466
课程名称：Web安全实践,课程讲师：郭燕 ,开课学校：中国科学技术大学,学生人数：7472
课程名称：计算机辅助设计,课程讲师：方利国 ,开课学校：华南理工大学,学生人数：7254
课程名称：操作系统原理,课程讲师：田丽华 ,开课学校：西安交通大学,学生人数：7224
课程名称：数据结构,课程讲师：程鸿芳 陈万顺 周先飞 程剑 ,开课学校：芜湖职业技术学院,学生人数：7154
课程名称：嵌入式系统理论与技术,课程讲师：胡威 施青松 ,开课学校：武汉科技大学,学生人数：7094
课程名称：自然语言处理,课程讲师：赵海 ,开课学校：上海交通大学,学生人数：7033
课程名称：操作系统,课程讲师：张伟 ,开课学校：东北大学,学生人数：6983
课程名称：单片机原理与应用（单片机原理及应用）（含单片机实验）,课程讲师：李璋 田茂 姚静 黄汉华 ,开课学校：湖北大学,学生人数：6866
课程名称：数据结构与算法,课程讲师：吕威 冯广慧 苏清朗 陈群 马蕊 曾志平 ,开课学校：珠海科技学院,学生人数：6848
课程名称：“搭积木、玩拼图”玩转智能手机应用APP开发,课程讲师：王杰 刘小飞 蒋晓玫 曹伟 ,开课学校：广东理工职业学院,学生人数：6757
课程名称：HTML5应用开发技术,课程讲师：张晓诺 袁安翠 王公强 韩妮娜 毛晓娜 聂庆鹏 张文龙 ,开课学校：日照职业技术学院,学生人数：6661
课程名称：程序设计技术（基于C）-基础,课程讲师：刘慧君 王茜 陈恒鑫 葛亮 曾令秋 杨瑞龙 ,开课学校：重庆大学,学生人数：6566
课程名称：“做中学”Java程序设计,课程讲师：郑哲 ,开课学校：宁波城市职业技术学院,学生人数：6555
课程名称：网络安全技术(上海高校精品课程),课程讲师：贾铁军 ,开课学校：上海大学,学生人数：6514
课程名称：高级语言程序设计,课程讲师：张长海 陈娟 吕帅 ,开课学校：吉林大学,学生人数：6500
课程名称：计算方法,课程讲师：张晓丹 郑连存 卫宏儒 沈政伟 丁军 ,开课学校：北京科技大学,学生人数：6441
课程名称：移动图形概论,课程讲师：杨延军 ,开课学校：北京大学,学生人数：6355
课程名称：液晶显示技术,课程讲师：王丹 姚日晖 郑奕娜 ,开课学校：华南理工大学,学生人数：6321
课程名称：软件工程,课程讲师：张晓龙 刘茂福 赵红武 王磊 高峰 ,开课学校：武汉科技大学,学生人数：6307
课程名称：如何用Excel高效处理数据,课程讲师：,开课学校：,学生人数：67387
课程名称：数据结构与算法设计,课程讲师：董傲霜 张莉 张一川 ,开课学校：东北大学,学生人数：6162
课程名称：人工智能,课程讲师：刘峡壁 ,开课学校：北京理工大学,学生人数：6095
课程名称：智能控制导论,课程讲师：刘辉 王彬 李俊丽 詹跃东 ,开课学校：昆明理工大学,学生人数：6049
课程名称：互联网体系结构,课程讲师：孟宁 刘贵学 ,开课学校：中国科学技术大学,学生人数：5976
课程名称：计算机应用基础,课程讲师：龚玉清 邓华 梁艳春 朱云 程宇 王婧 邓秀华 王晓薇 冯广慧 郎六琪 黄山 刘金蟾 ,开课学校：珠海科技学院,学生人数：5969
课程名称：学术论文写作（计算机科学）,课程讲师：王宇 杜宛宜 李映夏 王雷 任志磊 ,开课学校：大连理工大学,学生人数：5944
课程名称：计算社会科学,课程讲师：吕鹏 ,开课学校：中南大学,学生人数：5878
课程名称：从入门到大神：疫情知识智能服务核心技术实践,课程讲师：张鹏 曾奥涵 叶子逸 殷达 杜冀中 ,开课学校：清华大学,学生人数：5842
课程名称：C语言程序设计,课程讲师：龚本灿 ,开课学校：三峡大学,学生人数：5783
课程名称：PHP程序设计,课程讲师：耿倩 党佳奇 雒江川 李俊 ,开课学校：陕西工业职业技术学院,学生人数：5780
课程名称：大学计算机,课程讲师：石娟 姚怡 王丽 蒙祖强 劳眷 ,开课学校：广西大学,学生人数：5705
课程名称：多媒体技术及应用,课程讲师：郭芬 林育蓓 陆芳 ,开课学校：华南理工大学,学生人数：5527
课程名称：计算机信息技术基础,课程讲师：何煜琳 刘蕾 弥婷 马青芳 邹燕燕 ,开课学校：巴音郭楞职业技术学院,学生人数：5443
课程名称：人工智能,课程讲师：陈钒 ,开课学校：天津财经大学,学生人数：5441
课程名称：操作系统,课程讲师：李培峰 王红玲 ,开课学校：苏州大学,学生人数：5433
课程名称：推荐系统,课程讲师：刘宏志 ,开课学校：北京大学,学生人数：5364
课程名称：Python程序设计基础,课程讲师：朱丹 齐兴 连顺 杨帆 洪成朋 李珊珊 关文武 ,开课学校：安徽理工学校,学生人数：5364
课程名称：C++程序设计,课程讲师：魏英 姜学锋 汪芳 ,开课学校：西北工业大学,学生人数：5332
课程名称：计算机辅助设计：参数化造型设计及表达,课程讲师：罗会甫 ,开课学校：北京理工大学,学生人数：5297
课程名称：Photoshop图像处理,课程讲师：刘建中 刘恒峰 李晓丽 黄幸儿 王雄 石倩 龙奖 邹娟 程奉 ,开课学校：湖北崇阳职业技术学校,学生人数：5242
课程名称：面向对象分析与设计,课程讲师：张涛 ,开课学校：西北工业大学,学生人数：5222
课程名称：智能控制,课程讲师：黄从智 ,开课学校：华北电力大学,学生人数：5192
课程名称：数据库技术应用,课程讲师：赵祯 席讴婕 田雪 孙凤龙 秦婷 白文荣 刘刚 ,开课学校：内蒙古电子信息职业技术学院,学生人数：5163
课程名称：信息技术基础与应用,课程讲师：张铁红 马立丽 李淑文 宋薇 熊国良 尹顺鹏 ,开课学校：哈尔滨科学技术职业学院,学生人数：5023
课程名称：单片机原理及应用,课程讲师：鲍佳 ,开课学校：浙江理工大学,学生人数：4838
课程名称：高级语言程序设计,课程讲师：祁文青 程细才 谢晋 ,开课学校：湖北理工学院,学生人数：4817
课程名称：计算机音乐,课程讲师：李荣锋 ,开课学校：北京邮电大学,学生人数：4510
课程名称：网络空间安全技术,课程讲师：闫怀志 ,开课学校：北京理工大学,学生人数：4498
课程名称：走进人工智能（人工智能概论）,课程讲师：沙晓艳 肖宁 罗彩君 聂华 常刚 雷蓓蓓 ,开课学校：陕西职业技术学院,学生人数：4404
课程名称：3D游戏引擎架构设计基础,课程讲师：陈泽琳 ,开课学校：华南理工大学,学生人数：4311
课程名称：Compilation Principle,课程讲师：刘刚 付岩 曹雪 李丽洁 高迪 ,开课学校：哈尔滨工程大学,学生人数：4229
课程名称：计算机网络,课程讲师：侯睿 李艳红 毛腾跃 周斌 王飚 朱剑林 胡燕 ,开课学校：中南民族大学,学生人数：4222
课程名称：云计算,课程讲师：宋亚奇 ,开课学校：华北电力大学,学生人数：4180
课程名称：数据库概论,课程讲师：张璇 蔡莉 何婧 包崇明 ,开课学校：云南大学,学生人数：4172
课程名称：C/C++：从基础语法到优化策略,课程讲师：于仕琪 ,开课学校：南方科技大学,学生人数：4158
课程名称：Fundamentals of C Programming,课程讲师：汪芳 张秀伟 周果清 刘君瑞 魏英 姜学锋 ,开课学校：西北工业大学,学生人数：4157
课程名称：WEB程序设计,课程讲师：文小森 秦效宏 续晓飞 梁林蒙 韩玉会 杜永红 靳强 危小波 ,开课学校：西京学院,学生人数：4081
课程名称：语音信号数字处理,课程讲师：王晶 ,开课学校：北京理工大学,学生人数：3899
课程名称：Unity 3D基础,课程讲师：薛庆文 姜涛 徐祥涛 关永征 夏文彬 ,开课学校：济宁学院,学生人数：3883
课程名称：MAYA三维软件基础（游戏动画建模）,课程讲师：陈恒 冯开平 罗立宏 王睿 黄羽 张心蕊 陈杰 施培国 ,开课学校：广东工业大学,学生人数：3830
课程名称：机器学习入门,课程讲师：周红 赵力衡 陈虹君 王珊 李瑶 ,开课学校：成都锦城学院,学生人数：3807
课程名称：计算机应用基础,课程讲师：刘丽 关金名 马蓉平 贺丽萍 陈磊 许维刚 ,开课学校：渤海船舶职业学院,学生人数：3805
课程名称：数字动画制作技术,课程讲师：张艳 赵艳妮 韩泽洋 杨晶晶 ,开课学校：陕西职业技术学院,学生人数：3777
课程名称：计算机组成原理与系统结构,课程讲师：李晨 ,开课学校：西安交通大学,学生人数：3765
课程名称：Web前端开发,课程讲师：何杰惠 董明 孙瑜 苟彦昉 魏晓艳 ,开课学校：陕西国防工业职业技术学院,学生人数：3750
课程名称：C程序设计,课程讲师：姜学锋 刘君瑞 汪芳 ,开课学校：西北工业大学,学生人数：3701
课程名称：大学计算机基础（艺术类）,课程讲师：史家银 杜文博 朱原良 ,开课学校：云南艺术学院,学生人数：3692
课程名称：Python程序设计,课程讲师：梁建坤 郑小松 王海慧 ,开课学校：沈阳药科大学,学生人数：3672
课程名称：软件测试与质量保证,课程讲师：周勇 朴勇 ,开课学校：大连理工大学,学生人数：3634
课程名称：虚幻引擎（UE4）技术基础,课程讲师：晏茗 石卉 黄颖翠 杨雪 危熹 胡小强 ,开课学校：江西泰豪动漫职业学院,学生人数：3490
课程名称：计算机技术基础（c语言）,课程讲师：康辉英 王冉 王帆 ,开课学校：河北地质大学华信学院,学生人数：3490
课程名称：C Programming,课程讲师：丁海燕 ,开课学校：云南大学,学生人数：3489
课程名称：C#程序设计,课程讲师：刘君瑞 姜学锋 ,开课学校：西北工业大学,学生人数：3423
课程名称：Data Structures and Algorithm Design Part I,课程讲师：邓俊辉 ,开课学校：清华大学,学生人数：3388
课程名称：网络组建与互联,课程讲师：谢元峰 王莹莹 张静 荣喜丰 徐海霞 ,开课学校：新疆石河子职业技术学院,学生人数：3374
课程名称：编译技术,课程讲师：徐秀娟 贾棋 任志磊 江贺 ,开课学校：大连理工大学,学生人数：3314
课程名称：商务网页设计与制作,课程讲师：郑伟 常钢华 孟新 郭小婉 杨涛 蒋博 孟娟娜 曲小纳 任冰青 ,开课学校：杨凌职业技术学院,学生人数：3285
课程名称：嵌入式系统及应用,课程讲师：王宜怀 张建 ,开课学校：苏州大学,学生人数：3265
课程名称：跟着案例循序渐进学习c,课程讲师：白妙青 王雪婴 张红艳 萧宝玮 王文剑 ,开课学校：山西大学,学生人数：3255
课程名称：Untiy 3D虚拟现实游戏开发,课程讲师：赵艳妮 ,开课学校：陕西职业技术学院,学生人数：3229
课程名称：计算未来云讲坛（2020）——清华大学计算机系前沿系列讲座,课程讲师：刘知远 易鑫 ,开课学校：清华大学,学生人数：3211
课程名称：软件理论与工程,课程讲师：车海莺 高广宇 ,开课学校：北京理工大学,学生人数：3188
课程名称：计算机安全,课程讲师：李家春 高英 徐玲玲 ,开课学校：华南理工大学,学生人数：3139
课程名称：网页设计与地图应用,课程讲师：李中元 梅新 杜晓初 成晓强 陈志杰 ,开课学校：湖北大学,学生人数：3060
课程名称：JAVA Programming,课程讲师：袁乖宁 郑伦川 胡宇 ,开课学校：重庆水利电力职业技术学院,学生人数：2970
课程名称：5G系统观：从改变生活到改变世界,课程讲师：张晨璐 ,开课学校：vivo iQOO,学生人数：2963
课程名称：计算机硬件基础,课程讲师：崔丽群 于美娜 刘丽 姜彦吉 ,开课学校：辽宁工程技术大学,学生人数：2908
课程名称：程序设计技术(基于C)-提高与应用,课程讲师：刘慧君 王茜 陈恒鑫 葛亮 曾令秋 杨瑞龙 ,开课学校：重庆大学,学生人数：2893
课程名称：数据结构,课程讲师：杨春花 刘国玲 李爱民 单建芳 ,开课学校：齐鲁工业大学,学生人数：2839
课程名称：计算机图形学,课程讲师：孙劲光 ,开课学校：辽宁工程技术大学,学生人数：2777
课程名称：数据结构与算法,课程讲师：石敏 焦润海 周长玉 林碧英 程文刚 ,开课学校：华北电力大学,学生人数：2740
课程名称：学堂在线×快手《新知如师说》清华名师系列讲座,课程讲师：邓俊辉 彭凯平 赵昱鲲 王贵祥 王亚华 裘莹 赵昱鲲 邓俊辉 王亚华 王贵祥 裘莹 ,开课学校：清华大学,学生人数：41057
课程名称：Linux系统应用基础,课程讲师：孙清闻 ,开课学校：大连东软信息学院,学生人数：2548
课程名称：Access程序设计基础,课程讲师：梁洁 张泽华 崔燕妮 林玲 ,开课学校：云南大学,学生人数：2546
课程名称：Excel电子表格与数据处理,课程讲师：缪春池 郭黎明 陈蓓 凃宏 蒋义军 张义刚 谢志龙 张英 ,开课学校：西南财经大学,学生人数：2541
课程名称：系统辨识,课程讲师：刘翠玲 赵峙尧 ,开课学校：北京工商大学,学生人数：2538
课程名称：计算机网络基础,课程讲师：刘义福 易娟 刘莎莎 ,开课学校：江西省井冈山经贸学校,学生人数：2534
课程名称：物联网技术与应用,课程讲师：吕建新 魏晓艳 杜传祥 魏秀岭 梁艳 ,开课学校：西安思源学院,学生人数：2531
课程名称：数据库原理,课程讲师：杨俊杰 刘忠艳 张玮 石艳 彭增焰 ,开课学校：岭南师范学院,学生人数：2528
课程名称：Python 交互式程序设计导论,课程讲师：张太红 ,开课学校：新疆农业大学,学生人数：2523
课程名称：数据结构与算法,课程讲师：秦俊平 赵志燕 杜雅娟 谢秀兰 ,开课学校：内蒙古工业大学,学生人数：2511
课程名称：网络爬虫,课程讲师：张耸 张丹 张莹 张恂 ,开课学校：咸阳职业技术学院,学生人数：2485
课程名称：java程序设计,课程讲师：张青青 宁莉莉 师哲 侯莹 ,开课学校：咸阳职业技术学院,学生人数：2469
课程名称：ChatGPT会引领AI新范式吗？,课程讲师：,开课学校：,学生人数：9592
课程名称：AI时代下，智慧图书馆该如何重构？,课程讲师：,开课学校：,学生人数：12523
课程名称：计算机网络原理,课程讲师：李琳 ,开课学校：青岛大学,学生人数：2395
课程名称：计算机组成原理,课程讲师：于瓅 廖正和 王卫平 ,开课学校：安徽理工大学,学生人数：2395
课程名称：Code+程序设计大赛习题讲解,课程讲师：清华酒井算协 ,开课学校：清华大学,学生人数：2363
课程名称：视觉无障碍智能交互,课程讲师：史元春 ,开课学校：清华大学,学生人数：7386
课程名称：计算机网络工程实践,课程讲师：桂学勤 钟良骥 吴谋 李歆 ,开课学校：湖北科技学院,学生人数：2280
课程名称：程序设计基础,课程讲师：姜洋 邹会来 ,开课学校：浙江机电职业技术学院,学生人数：2238
课程名称：计算思维与人工智能基础,课程讲师：毕利 杜方 ,开课学校：宁夏大学,学生人数：2209
课程名称：ChatGPT替代数据分析Or为我所用,课程讲师：,开课学校：,学生人数：16519
课程名称：铸钢件铸造技术,课程讲师：邱葭菲 陈小红 王伟春 林波 巫红燕 王瑞权 ,开课学校：浙江机电职业技术学院,学生人数：2163
课程名称：数据结构与算法,课程讲师：黄晓鸣 ,开课学校：北京交通大学,学生人数：2148
课程名称：Data Structures and Algorithm Design Part II,课程讲师：邓俊辉 ,开课学校：清华大学,学生人数：2108
课程名称：全球股市下跌-加密数字货币是避险资产吗？,课程讲师：罗玫 ,开课学校：清华大学,学生人数：3536
课程名称：大数据管理与挖掘,课程讲师：邵景峰 ,开课学校：西安工程大学,学生人数：2069
课程名称：Combinatorics and Algorithms Design,课程讲师：马昱春 赵颖 ,开课学校：清华大学,学生人数：2022
课程名称：人工智能,课程讲师：杨鸿武 鲁小勇 郭威彤 何艳珊 王莉莉 徐亚萍 卜小龙 ,开课学校：西北师范大学,学生人数：2019
课程名称：清华大学彭凯平、何志毅领衔发布：全球产业研究图谱,课程讲师：彭凯平 ,开课学校：清华大学,学生人数：8243
课程名称：计算机辅助飞行器综合设计,课程讲师：袁昌盛 ,开课学校：西北工业大学,学生人数：1999
课程名称：计算机网络技术,课程讲师：尹然然 ,开课学校：安徽交通职业技术学院,学生人数：1940
课程名称：数字逻辑,课程讲师：刘军 ,开课学校：合肥工业大学,学生人数：1931
课程名称：机器学习实践,课程讲师：李侃 ,开课学校：北京理工大学,学生人数：1915
课程名称：Computer Networks,课程讲师：王昊翔 ,开课学校：华南理工大学,学生人数：1897
课程名称：电子技术综合应用实训,课程讲师：刘苏英 汤德荣 张辉 解俊 张宇 ,开课学校：安徽机电职业技术学院,学生人数：1895
课程名称：工业互联网大讲堂,课程讲师：田野 严鹏飞 ,开课学校：中国工业互联网研究院,学生人数：1848
课程名称：软件工程,课程讲师：唐云 罗俊松 胡文艺 刘明哲 ,开课学校：成都理工大学,学生人数：1825
课程名称：闲话AI：自然语言理解难在哪儿？,课程讲师：刘知远 ,开课学校：清华大学,学生人数：8059
课程名称：计算机组织与结构,课程讲师：赖晓晨 王洁 迟宗正 ,开课学校：大连理工大学,学生人数：1810
课程名称：探索变化世界的原则,课程讲师：施一公 ,开课学校：西湖大学,学生人数：13576
课程名称：心理学在企业管理中的应用和启发,课程讲师：任苇 ,开课学校：中国青年政治学院,学生人数：12947
课程名称：程序设计基础,课程讲师：姚瑶 逄靓 孙丽红 秦宇煌 ,开课学校：辽宁理工职业大学,学生人数：1770
课程名称：Java语言与面向对象程序设计,课程讲师：王素琴 周长玉 彭文 林碧英 ,开课学校：华北电力大学,学生人数：1707
课程名称：ChatGPT与AIGC技术的前沿探索,课程讲师：,开课学校：,学生人数：11331
课程名称：计算机辅助绘图——Solid Edge ST,课程讲师：李世芸 ,开课学校：昆明理工大学,学生人数：1636
课程名称：量子位——中国AIGC产业峰会,课程讲师：,开课学校：,学生人数：11642
课程名称：代码自动生成是辅助还是取代程序员,课程讲师：,开课学校：,学生人数：15015
课程名称：C语言程序设计,课程讲师：赵楷 任疆红 孙晶 盛琪 曹为民 周鲁梅 楚发元 张振宇 ,开课学校：新疆大学,学生人数：1570
课程名称：计算机网络,课程讲师：齐晓霞 王迎云 王琦进 ,开课学校：安徽新华学院,学生人数：1568
课程名称：程序设计基础（C语言）,课程讲师：尹乾 ,开课学校：北京师范大学,学生人数：1521
课程名称：5G全网部署仿真与实践,课程讲师：康晋 陈阳 郑莉 雷娟 刘亚敏 胡启迪 ,开课学校：杨凌职业技术学院,学生人数：1486
课程名称：深度迁移学习在NLP当中的应用和实践,课程讲师：苏海波 ,开课学校：百分点,学生人数：1475
课程名称：多媒体应用技术,课程讲师：姚怡 ,开课学校：广西大学,学生人数：1466
课程名称：游戏引擎,课程讲师：李又玲 ,开课学校：成都师范学院,学生人数：1456
课程名称：人工智能技术,课程讲师：杨环 ,开课学校：青岛大学,学生人数：1448
课程名称：疫情防控，大数据分析大显身手,课程讲师：李国良 ,开课学校：清华大学,学生人数：1444
课程名称：VR Experience and Panoramic Video Creation,课程讲师：冯欢 ,开课学校：南开大学,学生人数：1443
课程名称：网络信息安全与信息隐藏,课程讲师：陈立全 秦中元 吴戈 ,开课学校：东南大学,学生人数：1439
课程名称：MySQL Database Programming,课程讲师：赵晓侠 付湘琼 杜文方 郝熙 刘领兵 潘晟旻 郑发鸿 寇卫利 李菊芳 张春红 张俊 张霖 马晓静 ,开课学校：昆明理工大学,学生人数：1428
"课程名称：Identity, Agency, Equality and Security in the Age of AI",课程讲师：,开课学校：梨花女子大学,学生人数：1407
课程名称：0-1学习数据指标与可视化，旨在助力提升职场竞争力,课程讲师：,开课学校：,学生人数：40136
课程名称：机器人虚拟仿真技术及应用,课程讲师：朱永丽 谢立夏 匡振骠 梁 燕 王帅 蒋雨芯 胡银全 ,开课学校：重庆工程职业技术学院,学生人数：1396
课程名称：2023年数据分析师行业突破口在哪,课程讲师：,开课学校：,学生人数：25579
课程名称：电子商务美工,课程讲师：汪琪 薛瑞昌 ,开课学校：安徽商贸职业技术学院,学生人数：1373
课程名称：C语言程序设计,课程讲师：刘进锋 ,开课学校：宁夏大学,学生人数：1366
课程名称：分布式数据系统应用实战-入门,课程讲师：李超 陈震 姚延栋 吴疆 王昊 杜佳伦 ,开课学校：清华大学,学生人数：1337
课程名称：全球新兴产业创新的最新动态与趋势,课程讲师：季波 ,开课学校：长江商学院,学生人数：5748
课程名称：计算机网络,课程讲师：方诗虹 陈浩 文瑞涵 梅林 郭现峰 陈曦 余骁禹 ,开课学校：西南民族大学,学生人数：1281
课程名称：清华大数据应用实践：快速搭建基于数据的应用,课程讲师：刘英博 ,开课学校：清华大学,学生人数：6212
课程名称：行行AI公开课,课程讲师：,开课学校：,学生人数：13458
课程名称：创业路径解码：从想法到融资,课程讲师：彭维斌 ,开课学校：正略咨询,学生人数：14810
课程名称：贵系特奖学霸：科研小白入门指北,课程讲师：高天宇 ,开课学校：清华大学,学生人数：1517
课程名称：我们对科学有多少误解？——清华教授带你共学科学史,课程讲师：吴国盛 ,开课学校：清华大学,学生人数：15679
课程名称：大学计算机基础,课程讲师：肖婧 李志刚 秦怀斌 卫张亮 郝者闻 张永才 先瑜婷 周方 刘丽娟 张铭 ,开课学校：石河子大学,学生人数：1249
课程名称：机器学习训练营,课程讲师：,开课学校：,学生人数：1229
课程名称：认知智能：来自心理学，脑科学和人工智能的交叉学科,课程讲师：,开课学校：,学生人数：14178
课程名称：学堂在线国际认证Online MBA项目咨询说明会,课程讲师：张波 ,开课学校：学堂在线,学生人数：28687
课程名称：程序设计,课程讲师：李自力 ,开课学校：西南财经大学,学生人数：1178
课程名称：以GPT等大模型为代表的新型人工智能技术的革命性影响及对教育的启示,课程讲师：,开课学校：,学生人数：13967
课程名称：清华大学崔桂林：企业战略节奏与产业创新思考,课程讲师：崔桂林 ,开课学校：清华大学,学生人数：9407
课程名称：电子文件管理,课程讲师：刘越男 钱毅 马林青 周文泓 杨建梁 祁天娇 郭晖 ,开课学校：中国人民大学,学生人数：1156
课程名称：C语言,课程讲师：叶谌雯 ,开课学校：南昌航空大学,学生人数：1109
课程名称：HTML5 Mobile Front-end Development Foundation,课程讲师：刘小华 曾建华 ,开课学校：深圳职业技术大学,学生人数：1095
课程名称：BIM技术应用,课程讲师：刘燕 袁梦豪 ,开课学校：重庆工程职业技术学院,学生人数：1091
课程名称：Database Technology and Programming,课程讲师：高裴裴 袁晓洁 赵远红 李敏 康介恢 ,开课学校：南开大学,学生人数：1088
课程名称：前端与后台的故事——SQL语言及其编程,课程讲师：占跃华 石晓芬 李博文 章雯 孔梦楠 ,开课学校：九江职业技术学院,学生人数：1087
课程名称：腾讯云前副总裁刘克鸿：企业数字化转型实战——成功案例与实用工具,课程讲师：刘克鸿 ,开课学校：腾讯科技（深圳）有限公司,学生人数：28675
课程名称：WEB前端应用技术,课程讲师：伍红华 ,开课学校：湖北理工学院,学生人数：1041
课程名称：计算机网络,课程讲师：刘思凤 郑苑丹 ,开课学校：广东海洋大学,学生人数：929
课程名称：嵌入式系统综合设计与实践,课程讲师：吴剑锋 ,开课学校：东南大学,学生人数：891
课程名称：计算机基础及应用,课程讲师：张玉成 王天鑫 叶红军 刘影 左银波 郭 博 ,开课学校：西京学院,学生人数：890
课程名称：Introduction to Artificial Intelligence,课程讲师：王刚 李妍 康介恢 王恺 ,开课学校：南开大学,学生人数：887
课程名称：StarGLM：天文大模型科学领域的多模态工具学习探索,课程讲师：,开课学校：,学生人数：8642
课程名称：python数据挖掘,课程讲师：王常颖 ,开课学校：青岛大学,学生人数：868
课程名称：自然语言处理训练营,课程讲师：,开课学校：,学生人数：866
课程名称：C程序设计训练,课程讲师：刘奇志 ,开课学校：南京大学,学生人数：859
课程名称：如何利用财报分析互联网的商业模式,课程讲师：,开课学校：,学生人数：3424
课程名称：探索《长期主义》：世界五百强管理密码,课程讲师：谢祖墀 谢祖墀 ,开课学校：,学生人数：5590
课程名称：探索《长期主义》：世界五百强管理密码II,课程讲师：谢祖墀 谢祖墀 ,开课学校：,学生人数：813
课程名称：深度学习训练营,课程讲师：,开课学校：,学生人数：801
课程名称：虚拟现实与增强现实技术,课程讲师：王涌天 刘越 陈靖 翁冬冬 宋维涛 ,开课学校：北京理工大学,学生人数：798
课程名称：网站规划与网页设计,课程讲师：杜永红 梁林蒙 钟梦雪 ,开课学校：西京学院,学生人数：785
课程名称：先进人机交互技术,课程讲师：王春慧 姜昌华 ,开课学校：中国航天员科研训练中心,学生人数：781
课程名称：信息检索与推荐系统,课程讲师：李琳 ,开课学校：武汉理工大学,学生人数：757
课程名称：交大安泰伍青生教授带你破解私域流量：逻辑与实例,课程讲师：伍青生 ,开课学校：上海交通大学,学生人数：5382
课程名称：计算机系统架构的新挑战,课程讲师：汪东升 ,开课学校：清华大学,学生人数：1401
课程名称：Python基础与案例教程,课程讲师：宁淑荣 廖礼萍 于大为 汪沁然 ,开课学校：北京联合大学,学生人数：720
课程名称：机器人的主动感知与行为学习,课程讲师：孙富春 ,开课学校：清华大学,学生人数：1342
课程名称：计算机网络技术基础,课程讲师：姜燕 旭日 严作明 葛楠 吕宁 高阳 高扬 李永明 刘毅 ,开课学校：内蒙古商贸职业学院,学生人数：698
课程名称：数字电子技术,课程讲师：高利 周鸿亮 石岩 金烜旭 王怀宇 ,开课学校：辽宁理工职业大学,学生人数：695
课程名称：C++编程训练营,课程讲师：郑莉 ,开课学校：清华大学,学生人数：692
课程名称：Python语言程序设计,课程讲师：刘婧 张少华 高菲菲 曹艳艳 丛伟 范晖 ,开课学校：西京学院,学生人数：686
课程名称：分布式数据系统应用实战-进阶,课程讲师：李超 陈震 姚延栋 吴疆 王昊 杜佳伦 ,开课学校：清华大学,学生人数：677
课程名称：数字信号处理,课程讲师：田春娜 高新波 ,开课学校：西安电子科技大学,学生人数：662
课程名称：工程计价软件应用,课程讲师：刘耀芳 强宇明 骆乐 贾小妮 王霞 ,开课学校：陕西工商职业学院,学生人数：661
课程名称：程序设计基础,课程讲师：肖斌 温柳英 梁晓 ,开课学校：西南石油大学,学生人数：658
课程名称：邓公漫谈数据结构-「疾风计划」导师专属直播【限时开放】,课程讲师：邓俊辉 ,开课学校：清华大学,学生人数：5287
课程名称：网页设计（终身教育版）,课程讲师：陈伟 方仁富 吴莹 ,开课学校：宁波城市职业技术学院,学生人数：652
课程名称：C语言程序设计,课程讲师：王萌 张奎 轩志伟 刘申 姚明明 赵地 赵永炎 ,开课学校：河南科技职业大学,学生人数：647
课程名称：人工智能的发展对人力资源管理的挑战,课程讲师：闫淑敏 ,开课学校：同济大学,学生人数：3624
课程名称：数字电子技术基础,课程讲师：范秋华 吕月娥 傅强 ,开课学校：青岛大学,学生人数：645
课程名称：网络安全博弈之路,课程讲师：张超 ,开课学校：清华大学,学生人数：1873
课程名称：复杂场景下的知识获取,课程讲师：韩旭 ,开课学校：清华大学,学生人数：788
课程名称：数据可视化-分析与设计,课程讲师：陈谊 张珣 万玉钗 ,开课学校：北京工商大学,学生人数：633
课程名称：算法训练营,课程讲师：,开课学校：,学生人数：624
课程名称：AI肖像画大师：生成对抗网络驱动的多风格艺术肖像画创作,课程讲师：刘永进 ,开课学校：清华大学,学生人数：1166
课程名称：推荐系统中的用户理解：偏好、意图、行为与满意度,课程讲师：张敏 ,开课学校：清华大学,学生人数：1055
课程名称：2020年中国科技峰会系列活动青年科学家沙龙,课程讲师：,开课学校：,学生人数：1412
课程名称：C语言程序设计,课程讲师：方少卿 查艳 张志 伍丽惠 葛晓玢 ,开课学校：铜陵职业技术学院,学生人数：574
课程名称：Android应用程序开发,课程讲师：李桂珍 李欣 姚居文 张欢 ,开课学校：新疆农业职业技术学院,学生人数：571
课程名称：C语言程序设计,课程讲师：曹芝兰 ,开课学校：湖北大学,学生人数：571
课程名称：2022纪念彼得·德鲁克中国管理论坛（中）,课程讲师：黄卫伟 王永贵 王方华 ,开课学校：中国人民大学,学生人数：568
课程名称：Introduction to C++: Problem Solving Using Computational Thinking,课程讲师：赵宏 郭蕴 路明晓 李妍 王刚 郭天勇 于刚 康介恢 ,开课学校：南开大学,学生人数：568
课程名称：2022纪念彼得·德鲁克中国管理论坛(MBA体验课),课程讲师：黄卫伟 王永贵 王方华 ,开课学校：中国人民大学,学生人数：877
课程名称：Statistics and Introductory Data Analysis,课程讲师：李瑛玫 阿丽娜 王志楠 李婉红 杨忠海 徐建中 李冰 修雪 ,开课学校：哈尔滨工程大学,学生人数：556
课程名称：前沿对话-人工智能塑造教育,课程讲师：,开课学校：,学生人数：3272
课程名称：信息对抗技术专业方向设计,课程讲师：印茂伟 ,开课学校：西南科技大学,学生人数：548
课程名称：GLM大模型技术前沿与应用探索,课程讲师：,开课学校：,学生人数：3663
课程名称：大模型为什么是AI领域的“兵家必争之地”？,课程讲师：,开课学校：,学生人数：2729
课程名称：高级语言程序设计(Python),课程讲师：周蓉 周景 ,开课学校：华北电力大学,学生人数：527
课程名称：Data Structures and Algorithms,课程讲师：王曙燕 王燕 王春梅 王小银 陈燕 舒新峰 曾艳 ,开课学校：西安邮电大学,学生人数：526
课程名称：UI前端设计,课程讲师：袁安翠 侯悦 王公强 张晓诺 张文龙 ,开课学校：日照职业技术学院,学生人数：525
课程名称：BIM建模,课程讲师：张磊 霍达 杨宇惠 王睿琦 ,开课学校：哈尔滨铁道职业技术学院,学生人数：525
课程名称：模拟电子技术,课程讲师：张静 刘晓娣 胡昊 李香宇 毕敬腾 ,开课学校：中国人民解放军海军航空大学,学生人数：521
课程名称：计算机网络,课程讲师：周天瑛 桂学勤 钱涛 李歆 汪志勇 ,开课学校：湖北科技学院,学生人数：521
课程名称：HTML5+Web前端开发技术,课程讲师：李怡 朱嵩宇 宿佳宁 张春波 刘阳 欧阳广婧 ,开课学校：哈尔滨职业技术学院,学生人数：516
课程名称：数字音视频技术,课程讲师：宋云娟 卫玉 孙瑾 ,开课学校：上海外国语大学,学生人数：516
课程名称：纪念彼得德鲁克：宋志平、陈春花、沙因等领衔实践中的管理研讨会,课程讲师：宋志平 ,开课学校：,学生人数：2891
课程名称：计算机图形学导论,课程讲师：李春雨 ,开课学校：郑州大学,学生人数：512
课程名称：Software Engineering,课程讲师：张爽 胡清河 ,开课学校：东北大学,学生人数：507
课程名称：并行编程原理与实践,课程讲师：王一拙 计卫星 ,开课学校：北京理工大学,学生人数：506
课程名称：AI for Academic Search （人工智能助力学术搜索）,课程讲师：唐杰 周园春 李涓子 刘筱敏  刘雪峰 杜一 张鹏 ,开课学校：清华大学,学生人数：1352
课程名称：交互设计流程与方法,课程讲师：周建 李广栋 薛遥 许倩芸 李敏 ,开课学校：安徽信息工程学院,学生人数：502
课程名称：基于数据驱动的网络技术应用,课程讲师：姜泽勋 焦立博 董加卿 ,开课学校：清华大学,学生人数：1234
课程名称：南开大学信息安全微专业发布会,课程讲师：,开课学校：,学生人数：926
课程名称：未来产业发展与元宇宙前沿论坛,课程讲师：,开课学校：,学生人数：2849
课程名称：智能控制,课程讲师：张悦 ,开课学校：华北电力大学,学生人数：490
课程名称：数据结构,课程讲师：陈磊 李丹 马蓉平 贺丽萍 ,开课学校：渤海船舶职业学院,学生人数：487
课程名称：算法设计与分析,课程讲师：周长玉 ,开课学校：华北电力大学,学生人数：484
课程名称：洞悉人性：从商业谈判到未来投资趋势展望,课程讲师：王军峰 ,开课学校：,学生人数：4710
课程名称：人工智能与生物特征识别,课程讲师：何玉青 ,开课学校：北京理工大学,学生人数：474
课程名称：Introduction to Artificial Intelligence,课程讲师：莫宏伟 ,开课学校：哈尔滨工程大学,学生人数：473
课程名称：集成电路版图设计,课程讲师：李亮 ,开课学校：苏州市职业大学,学生人数：471
课程名称：新技术引爆商业机会,课程讲师：常亚平 ,开课学校：华中科技大学,学生人数：2260
课程名称：如何写好一篇论文？,课程讲师：,开课学校：,学生人数：2755
课程名称：深度强化学习导论,课程讲师：赵卫东 ,开课学校：复旦大学,学生人数：447
课程名称：操作系统专题训练课,课程讲师：向勇 ,开课学校：清华大学,学生人数：444
课程名称：玩转Linux系统（终身教育版）,课程讲师：颜晨阳 ,开课学校：宁波城市职业技术学院,学生人数：441
课程名称：长江商学院季波教授领衔：师生共话数字经济时代的创业机遇,课程讲师：季波 ,开课学校：长江商学院,学生人数：1956
课程名称：计算机应用基础,课程讲师：程方 梁娜 宋艳 戴丽萍 马艳平 赵成功 陈利 张风彦 ,开课学校：铜川职业技术学院,学生人数：427
课程名称：当微信邂逅NLP基础研究,课程讲师：李鹏 ,开课学校：清华大学,学生人数：842
课程名称：人工智能基础核心技术之事件检测,课程讲师：仝美涵 ,开课学校：清华大学,学生人数：950
课程名称：低时延网络挑战赛：从5G和边缘计算到互联网,课程讲师：崔勇 ,开课学校：清华大学,学生人数：713
课程名称：Computer Fundamentals: Problem Solving Using Computational Think,课程讲师：李敏 高裴裴 郭蕴 蔡庆琼 宋丽培 ,开课学校：南开大学,学生人数：413
课程名称：操作系统,课程讲师：汤效琴 张鹏 郭辉 李贯峰 纳利军 ,开课学校：宁夏大学,学生人数：412
课程名称：JSP程序设计,课程讲师：徐玉莲 ,开课学校：新疆农业职业技术学院,学生人数：411
课程名称：零基础学Java（终身教育版）,课程讲师：郑哲 ,开课学校：宁波城市职业技术学院,学生人数：408
课程名称：JAVA程序设计,课程讲师：袁乖宁 郑伦川 胡宇 ,开课学校：重庆水利电力职业技术学院,学生人数：403
课程名称：Modern Information Technology Quality and Application,课程讲师：幸荔芸 王江 段晓雪 杨俭 秦阳鸿 熊泽明 杨勇 ,开课学校：重庆三峡职业学院,学生人数：398
课程名称：Brain Science and Advanced Imaging Techniques,课程讲师：张明 ,开课学校：西安交通大学,学生人数：395
课程名称：计算机电路基础,课程讲师：李丹 陈磊 贺丽萍 ,开课学校：渤海船舶职业学院,学生人数：392
课程名称：“神威·太湖之光”超级计算机优化方法与应用简介,课程讲师：甘霖 ,开课学校：清华大学,学生人数：383
课程名称：Java Object Oriented Programming,课程讲师：单博炜 ,开课学校：长安大学,学生人数：383
课程名称：ICACHI 云论坛系列,课程讲师：任向实 付志勇 王建民 麻晓娟 袁晓君 李维 涂华伟 黄大源 杨兴栋 付志勇（主讲老师） Peter Scupelli 张黎 ,开课学校：日本高知工科大学,学生人数：1785
课程名称：大数据应用与管理,课程讲师：陈保国 郭润平 孙长月 ,开课学校：西安思源学院,学生人数：375
课程名称：人工智能（通识课）,课程讲师：王万良 ,开课学校：浙江树人学院,学生人数：366
课程名称：ChatGLM大模型应用构建和指令工程,课程讲师：,开课学校：,学生人数：3176
课程名称：为网络化系统设计智能可靠的优化算法,课程讲师：黄隆波 ,开课学校：清华大学,学生人数：3921
课程名称：算法支撑的赛博智能经济,课程讲师：徐恪 ,开课学校：清华大学,学生人数：384
课程名称：云计算平台运维与开发,课程讲师：张凡 伍佩 魏筱蓉 石蕊 付涛 徐合龙 朱琼瑶 郭元凯 ,开课学校：安康职业技术学院,学生人数：347
课程名称：工程制图与计算机绘图,课程讲师：杜淑幸 ,开课学校：西安电子科技大学,学生人数：346
课程名称：机器阅读理解：算法与实践,课程讲师：朱晨光 ,开课学校：微软,学生人数：995
课程名称：基于图神经网络的事实验证,课程讲师：周界 ,开课学校：清华大学,学生人数：599
课程名称：Embedded Software Design,课程讲师：赖晓晨 刘辉 申建建 ,开课学校：大连理工大学,学生人数：342
课程名称：数字优化分析技术,课程讲师：王建军 乔琳 张文帅 张瑶 李翊宁 王毅哲 ,开课学校：陕西工业职业技术学院,学生人数：341
课程名称：计算机视觉,课程讲师：鲁鹏 ,开课学校：北京邮电大学,学生人数：340
课程名称：网络综合布线（终身教育版）,课程讲师：颜正恕 ,开课学校：宁波城市职业技术学院,学生人数：329
课程名称：计算机二级公共基础知识,课程讲师：张宁 ,开课学校：张宁工作室,学生人数：329
课程名称：计算机二级C语言程序设计,课程讲师：张宁 ,开课学校：张宁工作室,学生人数：329
课程名称：高性能计算,课程讲师：,开课学校：,学生人数：1586
课程名称：浅谈面试中的算法题,课程讲师：杨耀良 谢兴宇 ,开课学校：清华大学,学生人数：574
课程名称：论道AI Open,课程讲师：,开课学校：,学生人数：321
课程名称：信号与系统,课程讲师：邵英 欧阳华 于燕婷 李辉 李龙梅 王腾 ,开课学校：中国人民解放军海军工程大学,学生人数：321
课程名称：Python Programming,课程讲师：林雪燕 ,开课学校：宁波城市职业技术学院,学生人数：314
课程名称：AI TIME CVPR 专场四,课程讲师：,开课学校：,学生人数：1705
课程名称：计算机辅助设计,课程讲师：陈旭玲 ,开课学校：南京航空航天大学,学生人数：305
课程名称：Linux操作系统,课程讲师：石凯 王阳华 ,开课学校：东北大学,学生人数：298
课程名称：python程序设计,课程讲师：孙延靖 刘素霞 豆腾飞 周亚 ,开课学校：新疆农业职业技术学院,学生人数：296
课程名称：“数据赋能”推动产业转型升级,课程讲师：王建民 刘江川 顾维玺 田春华 王轶捷 ,开课学校：清华大学,学生人数：659
课程名称：The 2nd TBSI Workshop on Learning Theory,课程讲师：,开课学校：,学生人数：290
课程名称：关系数据库SQL基础,课程讲师：闫中敏 李晖 崔立真 ,开课学校：山东大学,学生人数：279
课程名称：AI TIME 走进厦门大学,课程讲师：,开课学校：,学生人数：3014
课程名称：神州数码董事长郭为：数字化的力量,课程讲师：郭为 ,开课学校：神州数码,学生人数：1369
课程名称：网页制作（HTML5+CSS3) 从入门到实战（终身教育版）,课程讲师：郑哲 ,开课学校：宁波城市职业技术学院,学生人数：267
课程名称：信息论与编码理论基础,课程讲师：赵山程 ,开课学校：暨南大学,学生人数：266
课程名称：滴滴语音技术,课程讲师：滴滴-科技生态与发展部 ,开课学校：滴滴,学生人数：857
课程名称：AI是否可以引领传染病诊疗的新范式？,课程讲师：,开课学校：,学生人数：1489
课程名称：系列综述带你了解ChatGPT、AIGC和扩散模型,课程讲师：,开课学校：,学生人数：3796
课程名称：AI TIME PHD - AAAI 专场二,课程讲师：,开课学校：,学生人数：1780
课程名称：清华大学计算机系1996级创新创业论坛,课程讲师：,开课学校：,学生人数：383
课程名称：非易失内存在分布式存储领域的应用,课程讲师：张凯 ,开课学校：清华大学,学生人数：476
课程名称：Big Data Analysis,课程讲师：车海莺 ,开课学校：北京理工大学,学生人数：241
课程名称：高级语言程序设计(C),课程讲师：陈菲 谢萍 李廷顺 ,开课学校：华北电力大学,学生人数：234
课程名称：数据库应用技术,课程讲师：李可 王杰 助教 ,开课学校：广东开放大学,学生人数：230
课程名称：运动控制系统,课程讲师：于金鹏 薛斌强 刘旭东 刘加朋 王保防 ,开课学校：青岛大学,学生人数：226
课程名称：融合知识的预训练语言模型,课程讲师：张正彦 ,开课学校：清华大学,学生人数：374
课程名称：现代机械系统设计,课程讲师：李翊宁 王建军 王小爱 郑煜 夏伟 ,开课学校：陕西工业职业技术学院,学生人数：224
课程名称：AI TIME PHD - AAAI 专场四,课程讲师：,开课学校：,学生人数：1340
课程名称：数据库技术与应用,课程讲师：卜耀华 石玉芳 ,开课学校：内蒙古商贸职业学院,学生人数：220
课程名称：时空大数据分析和挖掘实战,课程讲师：袁海涛 ,开课学校：袁海涛工作室,学生人数：215
课程名称：建设你的网上家园——动态网站开发（终身教育版）,课程讲师：李利杰 ,开课学校：宁波城市职业技术学院,学生人数：212
课程名称：影视制作技术,课程讲师：薛元昕 ,开课学校：上海第二工业大学,学生人数：212
课程名称：信息技术,课程讲师：成乐 劳飞 单杰 王秀燕 刘晓璐 ,开课学校：滨州职业学院,学生人数：211
课程名称：如何迈向高效深度神经网络模型架构？,课程讲师：,开课学校：,学生人数：1308
课程名称：复杂场景下的机器阅读理解,课程讲师：林衍凯 ,开课学校：清华大学,学生人数：320
课程名称：科技赋能与数字化育人新范式-人工智能-GPT时代如何培养创新拔尖人才,课程讲师：,开课学校：,学生人数：735
课程名称：图像处理技术,课程讲师：陈俐妍 张洁 高敏钦 张昊楠 ,开课学校：福建农业职业技术学院,学生人数：208
课程名称：宋志平领读：第六届中国企业领袖读享盛典,课程讲师：宋志平 ,开课学校：,学生人数：1221
课程名称：2020高校人工智能人才培养论坛,课程讲师：,开课学校：,学生人数：1795
课程名称：嵌入式系统,课程讲师：杨全胜 ,开课学校：东南大学,学生人数：204
课程名称：Android应用开发,课程讲师：罗伟 陆春妹 卜峰 王鹏 瞿敏 ,开课学校：苏州市职业大学,学生人数：200
课程名称：Engineering Responsible AI,课程讲师：沈向洋 ,开课学校：清华大学,学生人数：497
课程名称：Python编程与数据分析基础,课程讲师：刘姝 穆翠霞 邱琳 陈洁 ,开课学校：中华女子学院,学生人数：195
课程名称：基于Java的面向对象编程范式,课程讲师：刘钦 ,开课学校：南京大学,学生人数：193
课程名称：互联网基础,课程讲师：杨洁 应芳琴 廖一星 卢永江 ,开课学校：浙江财经大学东方学院,学生人数：193
课程名称：在线教学网络研讨会会议精彩回放,课程讲师：张莉 赵宏 郑莉 ,开课学校：中国农业大学,学生人数：1106
课程名称：三小时学习Django,课程讲师：,开课学校：,学生人数：190
课程名称：数据库系统原理及应用,课程讲师：苗茹 葛强 党兰学 张瑾 赵雅靓 梁文娟 许涛 ,开课学校：河南大学,学生人数：183
课程名称：数据分析工程师训练营【预报名】,课程讲师：,开课学校：,学生人数：179
课程名称：数据库建模与设计,课程讲师：李晖 ,开课学校：山东大学,学生人数：172
课程名称：我的科研生涯：从博士到博导,课程讲师：,开课学校：,学生人数：612
课程名称：AI TIME PhD 浙江大学CAD&CG国家重点实验室专场一,课程讲师：,开课学校：,学生人数：1753
课程名称：计算机视觉技术及应用,课程讲师：郑艳飞 张晓诺 袁安翠 胡腾波 温静静 申锟 ,开课学校：日照职业技术学院,学生人数：165
课程名称：人工智能方法与技术,课程讲师：董春玲 ,开课学校：中国传媒大学,学生人数：164
课程名称：大模型技术及交叉应用,课程讲师：,开课学校：,学生人数：164
课程名称：数据库原理,课程讲师：张岩 刘争艳 刘广亮 李絮 范国婷 李怀敏 ,开课学校：阜阳师范大学,学生人数：160
课程名称：人工智能教育应用,课程讲师：李艳燕 卢宇 ,开课学校：北京师范大学,学生人数：156
课程名称：Compilers Techniques,课程讲师：徐秀娟 贾棋 任志磊 江贺 周勇 ,开课学校：大连理工大学,学生人数：155
课程名称：零基础入门旷视天元MegEngine,课程讲师：杨滔 刘清一 周亦庄 赵凯 王鹏 王枫 黎泽明 ,开课学校：北京旷视科技有限公司,学生人数：150
课程名称：Python语言程序设计,课程讲师：谢彩云 汪振东 戴靓婕 余宏 洪如霞 ,开课学校：豫章师范学院,学生人数：149
课程名称：大数据分析及应用,课程讲师：宋亚奇 ,开课学校：华北电力大学,学生人数：145
课程名称：AI TIME:知识图谱的高效构建与工业应用,课程讲师：,开课学校：,学生人数：617
课程名称：四位大模型论文一作分享前沿研究,课程讲师：,开课学校：,学生人数：1594
课程名称：Modern Optimization Methods,课程讲师：李庆娜 ,开课学校：北京理工大学,学生人数：141
课程名称：汇编语言程序设计,课程讲师：刘慧婷 吕钊 纪霞 徐怡 ,开课学校：安徽大学,学生人数：140
课程名称：数字图像处理与机器视觉,课程讲师：迟剑宁 ,开课学校：东北大学,学生人数：139
课程名称：AI TIME PhD：AI+行为经济学,课程讲师：,开课学校：,学生人数：477
课程名称：计算机辅助设计photoshop,课程讲师：张培勇 黄娅男 毕飞 罗佳 贺芷君 ,开课学校：西南财经大学天府学院,学生人数：132
课程名称：数据挖掘与可视化,课程讲师：王磊 邱江涛 陈小龙 ,开课学校：西南财经大学,学生人数：130
课程名称：乘风计划【首期】【预报名】系统培养数学思维和应用能力,课程讲师：,开课学校：,学生人数：128
课程名称：Python programming basics and project practices,课程讲师：蔡茜 ,开课学校：重庆工商职业学院,学生人数：119
课程名称：AI TIME PhD 浙江大学CAD&CG国家重点实验室专场二,课程讲师：,开课学校：,学生人数：1476
课程名称：精英之路——学堂在线Online MBA项目咨询说明会,课程讲师：陈翔 ,开课学校：中国传媒大学,学生人数：2751
课程名称：CVPR2020竞赛经验分享会,课程讲师：滴滴-科技生态与发展部 ,开课学校：滴滴,学生人数：214
课程名称：光通信器件及系统,课程讲师：朱京平 毛玉政 ,开课学校：西安交通大学,学生人数：111
课程名称：计算机二级Python语言程序设计,课程讲师：李挺 ,开课学校：潮享教育,学生人数：109
课程名称：低资源场景下的对话系统任务的模型定制,课程讲师：宋伊萍 ,开课学校：北京大学,学生人数：145
课程名称：操作系统原理,课程讲师：赵磊 严飞 杨敏 ,开课学校：武汉大学,学生人数：105
课程名称：Principles of Operating Systems (操作系统原理),课程讲师：张德海 柳青 易超 康洪炜 朱锐 ,开课学校：云南大学,学生人数：101
课程名称：任务导向对话的数据和平台建设,课程讲师：朱祺 ,开课学校：清华大学,学生人数：101
课程名称：度量和改进图信息在图神经网络中的使用,课程讲师：侯逸帆 ,开课学校：香港中文大学,学生人数：205
课程名称：智能技术与系统,课程讲师：,开课学校：,学生人数：581
课程名称：C语言程序设计,课程讲师：杨梅 张翼凌 何玉婉 贾月乐 张静 ,开课学校：西南石油大学,学生人数：99
课程名称：前端修炼之道（终身教育版）,课程讲师：卢秋锦 ,开课学校：宁波城市职业技术学院,学生人数：99
课程名称：嵌入式系统原理及应用,课程讲师：肖艳军 ,开课学校：河北工业大学,学生人数：98
课程名称：AI TIME PhD ICLR专场五,课程讲师：,开课学校：,学生人数：1428
课程名称：TIMME: Twitter Ideology-detection via Multi-task Multi-relational Embedding,课程讲师：肖之屏 ,开课学校：加州大学洛杉矶分校,学生人数：223
课程名称：HTML5+CSS3网页制作技术,课程讲师：卜天然 王彩霞 何军 ,开课学校：安徽商贸职业技术学院,学生人数：90
课程名称：数据结构及算法,课程讲师：岳静 朱小梅 伍敏 ,开课学校：西南石油大学,学生人数：89
课程名称：对话系统中的共情表达与情绪支持方法研究,课程讲师：,开课学校：,学生人数：357
课程名称：论文一作学者分享大模型前沿研究,课程讲师：,开课学校：,学生人数：559
课程名称：操作系统,课程讲师：蒋北艳 ,开课学校：北京联合大学,学生人数：85
课程名称：算法分析与设计,课程讲师：罗建超 ,开课学校：西北工业大学,学生人数：83
课程名称：AI TIME PhD 哈工大HIT-SCIR实验室专场二,课程讲师：,开课学校：,学生人数：1733
课程名称：计算机在化工制药及生物工程中的应用,课程讲师：罗华军 ,开课学校：三峡大学,学生人数：80
课程名称：信息资源管理,课程讲师：杜栋 ,开课学校：河海大学,学生人数：79
课程名称：AI TIME：ICML科普,课程讲师：,开课学校：,学生人数：262
课程名称：AI TIME PHD AAAI专场七,课程讲师：,开课学校：,学生人数：840
课程名称：基于学习排序的对话模型预训练策略,课程讲师：,开课学校：,学生人数：628
课程名称：数据分析工程师训练营,课程讲师：,开课学校：,学生人数：76
课程名称：网络营销,课程讲师：段文忠 ,开课学校：安徽商贸职业技术学院,学生人数：74
课程名称：Media big data mining and case practice,课程讲师：沈浩 ,开课学校：中国传媒大学,学生人数：73
课程名称：AI TIME PHD - AAAI 专场三,课程讲师：,开课学校：,学生人数：893
课程名称：移动互联网与APP应用实践,课程讲师：王燕 ,开课学校：内蒙古大学,学生人数：71
课程名称：AI TIME：随机梯度方法的学习理论,课程讲师：,开课学校：,学生人数：292
课程名称：疾风计划2024【1期】【一年挑战计算机专业】,课程讲师：,开课学校：,学生人数：68
课程名称：疾风计划2024【1期】【实训班】【一年挑战计算机专业】,课程讲师：,开课学校：,学生人数：68
课程名称：AI TIME PHD AAAI专场六,课程讲师：,开课学校：,学生人数：2153
课程名称：图神经网络及其自监督学习,课程讲师：,开课学校：,学生人数：337
课程名称：多语言学习：如何从兴趣到科研？,课程讲师：,开课学校：,学生人数：291
课程名称：深度学习,课程讲师：张淳杰 ,开课学校：北京交通大学,学生人数：60
课程名称：AI TIME PhD ICLR专场七,课程讲师：,开课学校：,学生人数：1157
课程名称：AI TIME PhD 哈工大HIT-SCIR实验室专场一,课程讲师：,开课学校：,学生人数：1070
课程名称：雷霆计划：助力培养集成电路专业人才【首期】【优惠报名渠道】,课程讲师：马西奎 邹建龙 陈锋 杨黎晖 ,开课学校：西安交通大学,学生人数：56
课程名称：仿真（CAE）应用工程师（初级）训练营,课程讲师：,开课学校：云道智造,学生人数：54
课程名称：AI TIME：深度推荐系统的探索与实践,课程讲师：,开课学校：,学生人数：366
课程名称：Modern Measurement Technology,课程讲师：周世圆 王猛猛 ,开课学校：北京理工大学,学生人数：52
课程名称：移动端应用开发,课程讲师：肖蓉 ,开课学校：湖北大学,学生人数：49
课程名称：信号与系统,课程讲师：柳长源 ,开课学校：哈尔滨理工大学,学生人数：45
课程名称：Network Video Surveillance Technology,课程讲师：任帅 ,开课学校：长安大学,学生人数：44
课程名称：AI TIME PHD AAAI专场八,课程讲师：,开课学校：,学生人数：533
课程名称：多模态学习的机遇与挑战,课程讲师：,开课学校：,学生人数：177
课程名称：多媒体技术与应用,课程讲师：张榕玲 徐丹 闫英琪 张洁 ,开课学校：兰州城市学院,学生人数：40
课程名称：Web Design,课程讲师：陈伟 ,开课学校：宁波城市职业技术学院,学生人数：40
课程名称：AI TIME PhD Debate-7：因果推理的应用与发展,课程讲师：,开课学校：,学生人数：365
课程名称：Management Information Systems,课程讲师：孙金凤 范丽伟 渐令 李荣荣 张露平 ,开课学校：中国石油大学（华东）,学生人数：39
课程名称：Digital Speech Signal Processing,课程讲师：王晶 ,开课学校：北京理工大学,学生人数：39
课程名称：数据分析方法论,课程讲师：,开课学校：,学生人数：38
课程名称：AI TIME：迈向更快更好的图学习——图表示学习算法增强框架,课程讲师：,开课学校：,学生人数：235
课程名称：AI TIME 如何迈向知识驱动的人工智能 ？,课程讲师：,开课学校：,学生人数：179
课程名称：语义解析漫谈：机会与挑战,课程讲师：,开课学校：,学生人数：237
课程名称：南开大学信息安全微专业（002期）,课程讲师：,开课学校：南开大学,学生人数：37
课程名称：The 3rd TBSI Workshop on Learning Theory,课程讲师：,开课学校：,学生人数：1744
课程名称：分布式数据库opengauss,课程讲师：袁雪梦 张力 张洁 赵泽青 付波 蒋欢 ,开课学校：贵州电子科技职业学院,学生人数：34
课程名称：AI TIME CVPR 专场一,课程讲师：,开课学校：,学生人数：138
课程名称：AI TIME：你的KDD小课堂,课程讲师：,开课学校：,学生人数：176
课程名称：Machine Learning and Knowledge Discovery,课程讲师：Kan Li ,开课学校：北京理工大学,学生人数：33
课程名称：Intorduction to Linux,课程讲师：颜晨阳 ,开课学校：宁波城市职业技术学院,学生人数：29
课程名称：AI TIME PHD AAAI专场五,课程讲师：,开课学校：,学生人数：681
课程名称：AI TIME：复杂稀缺类分析,课程讲师：,开课学校：,学生人数：182
课程名称：初探人工智能,课程讲师：,开课学校：,学生人数：28
课程名称：基于结构化知识与非结构化知识的任务型对话系统,课程讲师：,开课学校：,学生人数：152
课程名称：AI TIME：基于动态期限的电动共享汽车实时车队管理,课程讲师：,开课学校：,学生人数：175
课程名称：理解自监督学习知识蒸馏和二值化网络,课程讲师：,开课学校：,学生人数：207
课程名称：AI TIME 走进深圳大学城,课程讲师：,开课学校：,学生人数：103
课程名称：基于元适应合成弱监督的少样本文档排序方法,课程讲师：,开课学校：,学生人数：179
课程名称：AI TIME：顶会也有这么多知识？,课程讲师：,开课学校：,学生人数：117
课程名称：web数据库开发,课程讲师：吴荣珍 刘玮玮 陈云芳 张宏 杨洵 盘洪俊 ,开课学校：福建农业职业技术学院,学生人数：25
课程名称：软件工程及应用,课程讲师：林显宁 彭守镇 郭锐 李小莲 李清霞 ,开课学校：广东理工学院,学生人数：25
课程名称：如何做好学术检索？,课程讲师：,开课学校：,学生人数：236
课程名称：基于神经网络模型的开放领域对话系统研究,课程讲师：,开课学校：,学生人数：132
课程名称：AI TIME：无监督学习的公平性研究,课程讲师：,开课学校：,学生人数：186
课程名称：面向人类和多智能策略的评估,课程讲师：,开课学校：,学生人数：112
课程名称：AI TIME：基于层级超图匹配的图相似度学习网络,课程讲师：,开课学校：,学生人数：141
课程名称：Digital electronics,课程讲师：刘秋降 叶晶晶 金哲铭 ,开课学校：北京交通大学,学生人数：20
课程名称：数据分析实战训练营（chatGPT版）,课程讲师：,开课学校：,学生人数：19
课程名称：AI TIME PhD：清华CoAI小组,课程讲师：,开课学校：,学生人数：93
课程名称：AI TIME：KDD 2021 专场一,课程讲师：,开课学校：,学生人数：171
课程名称：Internet Information Security (网络信息安全),课程讲师：Eko Indrajit ,开课学校：Indonesia Cyber Education Institute,学生人数：18
课程名称：AI TIME PhD：浙江大学专场一,课程讲师：,开课学校：,学生人数：110
课程名称：AI TIME PhD 北航ACT实验室专场一,课程讲师：,开课学校：,学生人数：346
课程名称：代码的艺术,课程讲师：,开课学校：百度技术培训中心,学生人数：16
课程名称：弱监督问答中缓解有害推理方案影响的模型训练算法研究,课程讲师：,开课学校：,学生人数：134
课程名称：AI TIME CVPR 专场二,课程讲师：,开课学校：,学生人数：192
课程名称：对比学习与多阶段模型框架在文本摘要任务中的应用,课程讲师：,开课学校：,学生人数：140
课程名称：非自回归文本生成模型及其在风格迁移上的应用,课程讲师：,开课学校：,学生人数：74
课程名称：人脑VS机器？AI时代经济决策的机遇与挑战？,课程讲师：,开课学校：,学生人数：133
课程名称：Python开发工程师训练营,课程讲师：,开课学校：,学生人数：14
课程名称：Embedded c Language Programming,课程讲师：汪宋良 ,开课学校：宁波城市职业技术学院,学生人数：13
课程名称：Java程序设计,课程讲师：李凌霞 刘明刚 奚望园 徐宏伟 ,开课学校：哈尔滨金融学院,学生人数：13
课程名称：Python入门与应用训练营,课程讲师：,开课学校：,学生人数：13
课程名称：AI TIME:KDD2021-6,课程讲师：,开课学校：,学生人数：219
课程名称：数据库原理及应用,课程讲师：侯菡萏 赵立波 刘洪波 徐宏伟 于岩 袁建清 ,开课学校：哈尔滨金融学院,学生人数：13
课程名称：AI TIME：顶会也有这么多知识？,课程讲师：,开课学校：,学生人数：153
课程名称：信息学奥赛训练营,课程讲师：,开课学校：,学生人数：13
课程名称：驭风计划：培养人工智能青年人才-NLP方向零基础（24-1）,课程讲师：,开课学校：,学生人数：12
课程名称：AI TIME PhD 北航ACT实验室专场二,课程讲师：,开课学校：,学生人数：69
课程名称：AI TIME PhD：浙江大学专场二,课程讲师：,开课学校：,学生人数：99
课程名称：AI TIME PhD ICLR专场四,课程讲师：,开课学校：,学生人数：94
课程名称：The WEB front-end technology,课程讲师：卢秋锦 ,开课学校：宁波城市职业技术学院,学生人数：11
课程名称：AI TIME:KDD2021-5,课程讲师：,开课学校：,学生人数：121
课程名称：Information Technology for Higher Education,课程讲师：Eko Indrajit ,开课学校：Indonesia Cyber Education Institute,学生人数：11
课程名称：新产业发展与技术转移加速器,课程讲师：,开课学校：清华大学继续教育学院,学生人数：861
课程名称：自动驾驶控制算法基础训练营,课程讲师：,开课学校：清研车联,学生人数：11
课程名称：AI TIME PhD ICML 2021 专场二,课程讲师：,开课学校：,学生人数：109
课程名称：AI TIME PhD 华南理工实验室专场一,课程讲师：,开课学校：,学生人数：95
课程名称：AI TIME:KDD2021-7,课程讲师：,开课学校：,学生人数：100
课程名称：AI TIME:KDD2021-4,课程讲师：,开课学校：,学生人数：103
课程名称：Web Development Using HTML5 & CSS3,课程讲师：郑哲 林聪 ,开课学校：宁波城市职业技术学院,学生人数：8
课程名称：AI TIME PhD：ACL 专场三,课程讲师：,开课学校：,学生人数：80
课程名称：AI TIME PhD ICLR专场一,课程讲师：,开课学校：,学生人数：55
课程名称：AI TIME PhD ICML 2021 专场一,课程讲师：,开课学校：,学生人数：122
课程名称：AI TIME：顶会知识唠唠嗑,课程讲师：,开课学校：,学生人数：136
课程名称：AI TIME CVPR 专场三,课程讲师：,开课学校：,学生人数：84
课程名称：服务科学与工程概论,课程讲师：殷茗 李易 ,开课学校：西北工业大学,学生人数：8
课程名称：康奈尔大学用户体验设计认证证书项目（第二期）,课程讲师：Gilly Leshed ,开课学校：康奈尔大学,学生人数：7
课程名称：AI TIME：KDD 2021-2,课程讲师：,开课学校：,学生人数：87
课程名称：AI TIME PhD 华南理工实验室专场二,课程讲师：,开课学校：,学生人数：50
课程名称：AI TIME：ICML 2021-5,课程讲师：,开课学校：,学生人数：116
课程名称：AI TIME PhD ICLR专场二,课程讲师：,开课学校：,学生人数：58
课程名称：数据库概论实验,课程讲师：陈建英 ,开课学校：西南民族大学,学生人数：7
课程名称：AI TIME CVPR 专场五,课程讲师：,开课学校：,学生人数：85
课程名称：基于语义生成概率的无监督常识问答方法,课程讲师：,开课学校：,学生人数：79
课程名称：AI TIME：ICML 2021-6,课程讲师：,开课学校：,学生人数：55
课程名称：AI TIME PhD：ACL2021-1,课程讲师：,开课学校：,学生人数：151
课程名称：AI TIME:KDD2021-3,课程讲师：,开课学校：,学生人数：89
课程名称：AI TIME：ICML 2021-4,课程讲师：,开课学校：,学生人数：76
课程名称：AI TIME PhD ICLR专场三,课程讲师：,开课学校：,学生人数：57
课程名称：AI TIME PhD ICLR专场六,课程讲师：,开课学校：,学生人数：79
课程名称：数据结构,课程讲师：杨智明 赵明阳 夏春梅 过晓娇 ,开课学校：保山学院,学生人数：5
课程名称：AI TIME ACL 预讲会,课程讲师：,开课学校：,学生人数：53
课程名称：AI TIME：ICML 2021-3,课程讲师：,开课学校：,学生人数：79
课程名称：AI TIME：ACL 2021专场四,课程讲师：,开课学校：,学生人数：70
课程名称：开放端故事生成评价指标的评测基准及长文本生成的连贯性建模,课程讲师：,开课学校：,学生人数：83
课程名称：数据分析实战训练营（首期特惠）,课程讲师：,开课学校：,学生人数：4
课程名称：ChatGPT 与 AIGC 关键技术与产业应用,课程讲师：,开课学校：广东省前沿科技研究院,学生人数：0
课程名称：自动驾驶控制算法三阶训练营,课程讲师：,开课学校：清研车联,学生人数：0
课程名称：C4D全套零基础建模渲染到进阶商业项目,课程讲师：陈亚坤 ,开课学校：千锋教育,学生人数：0
课程名称：短视频运营小白入门从0到1,课程讲师：崔国英 ,开课学校：千锋教育,学生人数：0
